id,position,gp,team,fgm,fga,fg%,ftm,fta,ft%,threepa,threepm,ppg,orpg,drpg,rpg,apg,spg,bpg,topg,ddpg,tdpg
A. Davis LAL,"PF,C",74,LAL,10.0,18.8,.529,6.7,8.4,.805,3.1,1.1,27.7,3.3,9.5,12.7,3.6,1.5,2.7,2.2,0.0,0.0
S. Curry GS,"PG,SG",70,GS,9.6,20.5,.469,5.2,5.6,.922,12.3,5.1,29.6,0.7,4.8,5.4,6.3,1.4,0.2,3.1,0.0,0.0
J. Harden Hou,"PG,SG",75,HOU,9.4,21.4,.442,9.5,10.9,.879,11.3,4.1,32.5,0.8,5.7,6.6,8.3,2.0,0.7,5.0,0.0,0.0
K. Towns Min,C,81,MIN,9.7,18.5,.526,5.2,6.1,.845,5.4,2.1,26.8,3.5,9.4,12.9,3.6,0.9,1.7,2.8,0.0,0.0
G. Antetokounmpo Mil,"SF,PF",74,MIL,10.5,18.4,.570,7.4,10.0,.748,3.5,1.1,29.5,2.2,10.4,12.7,6.0,1.3,1.6,3.8,0.0,0.0
N. Jokic Den,"PF,C",76,DEN,8.0,15.8,.505,4.1,4.8,.845,3.8,1.3,21.4,2.9,8.2,11.1,7.8,1.3,0.7,3.2,0.0,0.0
J. Embiid Phi,"PF,C",66,PHI,8.8,18.0,.487,8.0,9.7,.821,4.3,1.3,26.8,2.3,10.1,12.4,3.2,0.8,2.1,3.4,0.0,0.0
D. Lillard Por,PG,76,POR,9.0,20.1,.447,5.9,6.6,.904,8.7,3.2,27.1,0.9,3.9,4.7,7.0,1.1,0.4,2.8,0.0,0.0
L. James LAL,"SF,PF",72,LAL,9.5,18.8,.504,5.1,7.4,.685,6.1,2.1,26.2,1.0,7.0,8.0,9.2,1.3,0.6,4.1,0.0,0.0
B. Beal Was,SG,80,WAS,9.4,20.0,.469,4.7,5.8,.807,7.9,2.9,26.3,1.1,3.8,4.9,5.3,1.3,0.7,2.7,0.0,0.0
K. Irving Bkn,"PG,SG",70,BKN,8.9,18.6,.478,3.9,4.3,.894,6.9,2.8,24.4,1.0,3.7,4.8,6.4,1.6,0.4,2.6,0.0,0.0
K. Leonard LAC,"SG,SF",69,LAC,8.9,17.9,.495,5.9,6.9,.845,5.1,1.9,25.4,1.3,5.9,7.1,3.0,1.9,0.6,2.0,0.0,0.0
P. George LAC,"SF,PF",64,LAC,8.3,19.3,.431,5.3,6.2,.857,9.2,3.6,25.5,1.3,6.3,7.6,4.3,2.1,0.4,2.6,0.0,0.0
J. Butler Mia,"SG,SF",69,MIA,7.4,16.0,.462,5.9,6.9,.857,4.5,1.6,22.3,2.0,3.7,5.7,4.9,1.9,0.4,2.0,0.0,0.0
J. Holiday NO,"PG,SG",73,NO,8.0,16.7,.478,3.4,4.3,.779,5.6,1.9,21.3,1.2,4.1,5.3,7.1,1.6,0.8,2.8,0.0,0.0
K. Walker Bos,PG,77,BOS,8.0,18.2,.439,4.6,5.4,.857,7.8,2.9,23.5,0.6,3.7,4.3,5.8,1.2,0.3,2.1,0.0,0.0
R. Gobert Uta,C,75,UTA,5.8,9.0,.648,4.4,6.7,.653,0.0,0.0,16.1,3.9,9.2,13.1,2.1,0.9,2.5,1.7,0.0,0.0
R. Westbrook Hou,PG,78,HOU,7.9,19.0,.417,4.0,5.9,.675,6.4,2.0,21.8,1.2,7.8,9.0,8.9,1.7,0.4,4.2,0.0,0.0
T. Young Atl,PG,79,ATL,7.5,17.4,.430,5.0,5.9,.849,8.1,2.9,22.9,0.8,3.0,3.8,8.5,1.1,0.2,4.0,0.0,0.0
M. Turner Ind,"PF,C",77,IND,5.5,11.2,.490,2.4,3.1,.763,3.0,1.1,14.4,1.4,6.1,7.5,1.6,0.8,2.9,1.4,0.0,0.0
N. Vucevic Orl,"PF,C",74,ORL,8.3,17.2,.483,2.1,2.7,.771,3.6,1.2,19.9,2.7,8.9,11.6,3.7,1.0,1.1,1.9,0.0,0.0
D. Ayton Pho,C,78,PHO,8.1,13.5,.601,2.4,3.2,.765,0.3,0.1,18.7,3.4,7.7,11.0,2.2,1.1,1.5,2.1,0.0,0.0
A. Drummond Det,"PF,C",81,DET,7.3,13.5,.543,3.3,5.4,.609,0.4,0.1,18.0,5.5,10.5,16.1,1.6,1.5,1.8,2.4,0.0,0.0
L. Doncic Dal,PG,76,DAL,8.0,17.8,.450,5.3,7.1,.744,7.6,2.7,24.0,1.3,7.0,8.2,6.6,1.3,0.4,3.6,0.0,0.0
P. Siakam Tor,PF,81,TOR,7.5,14.5,.517,4.1,5.2,.786,3.5,1.3,20.3,1.7,5.8,7.5,3.8,1.1,0.9,2.8,0.0,0.0
M. Robinson NY,C,75,NY,4.5,6.5,.691,1.7,2.8,.617,0.0,0.0,10.7,3.6,5.0,8.5,0.7,1.1,3.1,0.7,0.0,0.0
J. Collins Atl,"PF,C",73,ATL,8.6,15.2,.566,3.9,5.1,.778,3.2,1.1,22.3,3.9,6.7,10.7,2.3,0.7,1.0,2.2,0.0,0.0
B. Simmons Phi,PG,80,PHI,7.1,12.6,.565,3.4,5.6,.609,0.8,0.2,17.9,2.1,6.7,8.8,7.8,1.4,0.8,3.3,0.0,0.0
D. Fox Sac,PG,80,SAC,6.9,14.8,.466,4.2,5.7,.745,3.6,1.4,19.4,0.6,3.6,4.2,7.8,1.8,0.6,2.9,0.0,0.0
D. Booker Pho,"PG,SG",71,PHO,9.0,19.8,.454,6.3,7.2,.877,7.5,2.6,27.0,0.6,3.8,4.4,5.1,0.9,0.2,3.6,0.0,0.0
D. Green GS,"PF,C",74,GS,3.6,8.1,.446,1.6,2.2,.707,3.1,0.9,9.7,1.1,7.0,8.1,7.3,1.5,1.2,2.8,0.0,0.0
C. Paul OKC,PG,63,OKC,6.0,14.2,.422,3.1,3.5,.885,6.4,2.3,17.4,0.6,3.9,4.5,8.7,2.0,0.2,2.6,0.0,0.0
D. Mitchell Uta,"PG,SG",78,UTA,8.7,19.2,.454,4.7,5.8,.815,7.1,2.7,24.8,0.8,3.3,4.1,4.3,1.4,0.4,2.8,0.0,0.0
K. Porzingis Dal,"PF,C",67,DAL,7.7,17.2,.445,3.8,4.7,.804,5.3,2.0,21.1,1.7,5.6,7.3,1.5,0.7,2.0,1.7,0.0,0.0
J. Jackson Jr. Mem,"PF,C",72,MEM,6.2,12.0,.514,3.6,4.6,.788,3.1,1.1,17.1,1.5,4.2,5.7,2.0,1.1,1.7,2.1,0.0,0.0
Z. Williamson NO,PF,74,NO,6.9,12.1,.568,3.0,4.6,.657,2.2,0.7,17.4,2.5,5.9,8.4,2.5,1.2,1.3,2.7,0.0,0.0
B. Hield Sac,SG,81,SAC,7.5,16.9,.446,2.3,2.7,.870,8.7,3.6,21.0,1.3,3.8,5.1,2.7,1.0,0.3,1.8,0.0,0.0
J. Tatum Bos,"SF,PF",81,BOS,7.4,16.2,.459,3.4,4.0,.844,5.0,1.9,20.1,0.9,5.2,6.1,2.7,1.1,0.7,1.6,0.0,0.0
D. Russell GS,"PG,SG",77,GS,7.6,18.2,.418,2.2,2.9,.770,8.9,3.2,20.6,0.7,3.6,4.3,5.7,1.4,0.3,3.4,0.0,0.0
M. Conley Uta,PG,68,UTA,6.2,14.3,.434,4.6,5.5,.835,5.7,2.2,19.2,0.5,2.7,3.2,6.1,1.3,0.3,1.8,0.0,0.0
L. Markkanen Chi,PF,70,CHI,7.1,16.0,.442,3.4,4.0,.863,6.9,2.6,20.2,1.5,7.8,9.3,1.5,0.7,0.8,1.7,0.0,0.0
B. Griffin Det,"PF,C",66,DET,7.9,17.4,.454,5.6,7.2,.771,7.1,2.6,24.0,1.3,6.1,7.4,5.8,0.6,0.3,3.3,0.0,0.0
O. Porter Jr. Chi,"SF,PF",72,CHI,6.1,12.8,.479,1.5,1.9,.828,5.3,2.2,16.0,1.0,4.8,5.8,2.5,1.4,0.6,1.6,0.0,0.0
R. Covington Min,"SF,PF",66,MIN,4.6,10.6,.436,1.9,2.6,.744,6.6,2.5,13.7,0.8,4.8,5.7,1.3,2.2,1.4,1.4,0.0,0.0
K. Middleton Mil,"SG,SF",80,MIL,6.9,15.8,.438,3.4,3.9,.867,6.7,2.6,19.8,0.7,5.5,6.2,4.5,1.4,0.1,2.3,0.0,0.0
L. Aldridge SA,"PF,C",73,SA,8.2,16.0,.511,4.1,4.9,.831,1.1,0.3,20.8,2.8,5.9,8.7,2.2,0.5,1.2,1.8,0.0,0.0
C. Capela Hou,"PF,C",73,HOU,6.8,10.4,.658,2.4,3.9,.610,0.0,0.0,16.0,4.2,7.8,12.0,1.3,0.6,1.7,1.3,0.0,0.0
D. DeRozan SA,"SG,SF",80,SA,8.1,17.1,.474,5.2,6.2,.835,0.9,0.2,21.6,0.7,5.2,5.9,5.4,1.1,0.3,2.5,0.0,0.0
E. Bledsoe Mil,"PG,SG",73,MIL,6.4,13.5,.475,2.9,3.6,.789,5.2,1.8,17.5,1.2,3.9,5.1,6.0,1.6,0.5,3.0,0.0,0.0
T. Harris Phi,"SF,PF",80,PHI,7.1,15.3,.466,3.2,3.8,.845,5.4,2.1,19.6,0.8,6.5,7.3,2.6,0.6,0.5,1.9,0.0,0.0
C. McCollum Por,"PG,SG",80,POR,8.3,18.2,.456,2.4,2.8,.844,6.5,2.5,21.5,0.9,3.2,4.1,3.4,1.0,0.4,1.7,0.0,0.0
B. Lopez Mil,C,77,MIL,4.6,10.3,.446,1.4,1.7,.822,6.8,2.4,13.0,0.4,4.6,5.0,1.2,0.6,2.2,1.0,0.0,0.0
K. Love Cle,"PF,C",66,CLE,6.2,14.7,.423,4.9,5.6,.879,7.6,2.8,20.2,1.6,10.0,11.6,2.5,0.3,0.3,1.8,0.0,0.0
J. Murray Den,"PG,SG",78,DEN,7.4,16.6,.447,2.8,3.2,.886,5.7,2.1,19.7,0.8,3.2,4.0,5.0,0.9,0.3,2.4,0.0,0.0
K. Lowry Tor,PG,70,TOR,4.4,11.0,.403,2.4,2.8,.842,6.6,2.3,13.5,0.6,3.9,4.5,7.1,1.3,0.3,2.6,0.0,0.0
A. Gordon Orl,"SF,PF",77,ORL,6.2,13.5,.459,2.6,3.6,.706,4.9,1.7,16.6,1.6,5.7,7.4,3.9,1.0,0.9,2.2,0.0,0.0
D. Favors NO,"PF,C",74,NO,5.2,9.4,.558,2.3,3.5,.656,1.2,0.3,13.0,3.0,5.1,8.0,1.4,0.9,1.6,1.3,0.0,0.0
Z. LaVine Chi,"PG,SG",72,CHI,8.4,18.4,.457,4.9,5.8,.842,5.7,2.1,23.8,0.6,4.0,4.6,4.0,0.9,0.4,2.9,0.0,0.0
B. Adebayo Mia,"PF,C",82,MIA,5.1,9.1,.558,2.6,3.5,.745,0.5,0.1,12.9,2.8,7.3,10.1,2.9,1.1,1.1,1.9,0.0,0.0
A. Horford Phi,"PF,C",67,PHI,4.9,9.6,.513,1.5,1.9,.811,2.9,1.1,12.5,1.6,4.5,6.1,4.1,0.9,1.3,1.5,0.0,0.0
D. Gallinari OKC,"SF,PF",58,OKC,6.2,14.3,.434,5.8,6.4,.911,6.2,2.4,20.7,0.8,5.2,6.0,2.4,0.5,0.4,1.6,0.0,0.0
J. Isaac Orl,"SF,PF",73,ORL,4.0,8.9,.450,1.9,2.3,.827,4.0,1.4,11.4,1.4,4.5,6.0,1.1,1.1,1.5,1.1,0.0,0.0
J. Richardson Phi,"SG,SF",76,PHI,6.1,14.4,.424,2.5,3.0,.846,6.5,2.4,17.1,0.7,2.6,3.3,3.3,1.1,0.8,1.6,0.0,0.0
M. Brogdon Ind,"PG,SG",69,IND,6.4,13.1,.485,2.7,3.0,.913,4.3,1.7,17.2,1.1,3.8,5.0,4.6,0.8,0.4,1.6,0.0,0.0
J. Randle NY,"PF,C",76,NY,7.8,14.8,.527,4.7,6.5,.720,2.8,0.9,21.2,2.2,6.3,8.5,3.3,0.7,0.6,2.9,0.0,0.0
T. Bryant Was,C,75,WAS,5.4,8.9,.605,1.9,2.5,.761,1.8,0.6,13.2,2.0,6.0,7.9,1.6,0.4,1.2,1.1,0.0,0.0
J. Valanciunas Mem,C,74,MEM,6.8,12.4,.545,3.6,4.6,.778,1.1,0.3,17.5,2.4,7.2,9.7,2.0,0.4,1.5,2.1,0.0,0.0
V. Oladipo Ind,"PG,SG",60,IND,7.2,16.2,.445,3.1,3.9,.788,5.8,2.0,19.5,0.6,5.0,5.6,4.5,1.6,0.3,2.4,0.0,0.0
S. Gilgeous-Alexander OKC,"PG,SG",81,OKC,4.5,9.8,.459,2.2,2.7,.820,2.0,0.7,12.0,1.0,3.0,4.0,4.5,1.4,0.6,1.9,0.0,0.0
K. Oubre Jr. Pho,SF,71,PHO,5.7,13.0,.440,2.8,3.5,.805,5.6,1.8,16.1,1.1,4.0,5.1,1.8,1.5,0.9,1.6,0.0,0.0
M. Bagley III Sac,PF,72,SAC,7.0,13.6,.517,3.5,5.3,.670,2.2,0.8,18.3,2.9,5.6,8.5,1.1,0.6,1.3,1.8,0.0,0.0
J. Morant Mem,PG,72,MEM,5.6,13.8,.404,2.3,3.0,.778,5.1,1.6,15.1,0.6,3.2,3.8,7.1,1.0,0.4,3.0,0.0,0.0
T. Rozier Cha,"PG,SG",81,CHA,6.0,15.2,.397,2.5,3.1,.803,5.9,2.1,16.7,0.6,5.2,5.8,4.4,1.3,0.4,2.1,0.0,0.0
W. Carter Jr. Chi,C,73,CHI,4.9,9.8,.503,2.4,2.9,.820,1.6,0.5,12.8,2.2,5.7,7.9,2.2,0.7,1.6,1.7,0.0,0.0
L. Nance Jr. Cle,"PF,C",70,CLE,4.0,7.6,.529,1.5,2.1,.701,1.7,0.6,10.1,2.6,6.0,8.7,3.4,1.6,1.0,1.5,0.0,0.0
M. Bridges Cha,SF,82,CHA,4.6,10.0,.460,1.7,2.2,.768,3.7,1.3,12.1,1.2,4.4,5.6,1.6,1.0,0.8,0.9,0.0,0.0
G. Hayward Bos,"SG,SF",72,BOS,5.5,12.0,.462,2.4,2.8,.844,4.7,1.7,15.1,0.8,4.1,4.9,4.1,0.9,0.4,1.6,0.0,0.0
S. Adams OKC,C,79,OKC,6.5,10.3,.632,2.2,4.1,.544,0.0,0.0,15.2,5.7,5.3,11.0,1.6,1.5,1.0,1.7,0.0,0.0
H. Whiteside Por,C,72,POR,5.1,9.0,.569,1.8,3.2,.558,0.0,0.0,12.0,3.4,7.4,10.8,0.5,0.6,1.8,1.3,0.0,0.0
M. Gasol Tor,C,75,TOR,4.3,9.6,.448,1.6,2.1,.771,3.0,1.1,11.4,0.9,6.0,6.9,4.5,0.9,1.0,1.7,0.0,0.0
D. Murray SA,PG,70,SA,4.2,9.4,.442,2.2,2.9,.733,1.2,0.4,10.9,1.9,6.0,7.9,4.5,1.8,0.6,2.3,0.0,0.0
F. VanVleet Tor,PG,75,TOR,4.4,10.8,.411,1.6,1.9,.852,5.2,2.0,12.5,0.3,2.4,2.7,5.1,0.9,0.3,1.3,0.0,0.0
D. Sabonis Ind,"PF,C",77,IND,6.7,11.9,.564,3.4,4.6,.744,0.5,0.2,17.1,3.0,8.2,11.2,3.4,0.8,0.5,2.5,0.0,0.0
J. Ingles Uta,"SG,SF",82,UTA,4.2,9.4,.449,1.1,1.5,.738,5.5,2.3,11.8,0.4,3.6,4.0,5.0,1.2,0.2,1.9,0.0,0.0
C. LeVert Bkn,"SG,SF",70,BKN,5.8,12.9,.446,2.6,3.5,.738,4.1,1.4,15.5,0.9,3.1,4.0,4.3,1.1,0.4,1.8,0.0,0.0
R. Rubio Pho,PG,74,PHO,4.1,10.2,.400,3.1,3.6,.875,4.0,1.3,12.6,0.5,3.3,3.8,6.8,1.4,0.2,2.8,0.0,0.0
M. Harrell LAC,"PF,C",80,LAC,6.2,9.9,.629,2.6,4.2,.624,0.3,0.1,15.2,2.2,4.2,6.4,1.6,0.8,1.5,1.6,0.0,0.0
J. Lamb Ind,"SG,SF",77,IND,5.5,12.1,.455,2.7,3.1,.867,4.0,1.4,15.1,0.8,4.4,5.2,2.3,1.1,0.4,1.0,0.0,0.0
J. Teague Min,PG,73,MIN,5.0,11.6,.433,3.3,4.0,.834,3.5,1.3,14.6,0.4,2.3,2.7,8.0,1.2,0.5,2.5,0.0,0.0
J. Allen Bkn,"PF,C",78,BKN,4.5,7.5,.595,2.6,3.5,.739,0.8,0.2,11.7,2.4,6.1,8.6,1.4,0.6,1.5,1.3,0.0,0.0
L. Ball NO,PG,66,NO,4.0,9.5,.414,0.5,1.1,.486,4.9,1.7,10.1,1.1,4.0,5.1,5.9,1.6,0.4,2.1,0.0,0.0
K. Kuzma LAL,"SF,PF",75,LAL,6.4,14.3,.450,2.8,3.6,.772,6.7,2.3,17.9,0.8,4.4,5.3,2.0,0.6,0.6,1.9,0.0,0.0
M. Bridges Pho,"SG,SF",78,PHO,3.3,7.4,.444,1.2,1.5,.815,4.3,1.5,9.4,0.8,2.9,3.7,2.2,1.8,0.5,0.9,0.0,0.0
D. Dedmon Sac,C,61,SAC,3.9,7.7,.503,1.3,1.6,.800,3.2,1.2,10.2,1.5,5.5,7.0,1.3,1.0,1.0,1.2,0.0,0.0
M. Smart Bos,"PG,SG",75,BOS,3.1,7.7,.402,2.0,2.6,.772,4.7,1.6,9.8,0.9,2.9,3.8,4.3,1.9,0.4,1.7,0.0,0.0
D. Wright Dal,"PG,SG",68,DAL,4.1,9.2,.451,1.9,2.4,.807,2.8,0.9,11.1,1.1,3.1,4.2,4.1,1.4,0.5,1.2,0.0,0.0
L. Williams LAC,"PG,SG",78,LAC,5.1,12.3,.417,4.9,5.5,.886,5.0,1.7,16.9,0.4,2.0,2.5,4.1,0.8,0.2,1.8,0.0,0.0
T. Warren Ind,"SF,PF",67,IND,6.1,12.5,.487,2.1,2.6,.790,3.8,1.5,15.8,0.7,3.0,3.7,1.4,1.1,0.6,1.1,0.0,0.0
N. Batum Cha,"SG,SF",70,CHA,3.5,8.2,.424,1.0,1.2,.849,4.3,1.6,9.6,1.0,4.4,5.4,4.4,1.0,0.6,1.6,0.0,0.0
G. Harris Den,"SG,SF",65,DEN,5.5,12.0,.460,2.3,2.7,.831,4.6,1.6,15.0,0.8,2.2,3.0,2.4,1.3,0.4,1.3,0.0,0.0
D. White SA,"PG,SG",76,SA,4.3,8.7,.491,1.5,2.0,.753,2.3,0.8,10.8,0.6,3.4,4.0,4.2,1.2,0.6,1.6,0.0,0.0
T. Ross Orl,"SG,SF",74,ORL,5.7,13.5,.421,1.6,1.9,.848,7.5,2.7,15.7,0.4,3.3,3.6,1.3,0.9,0.4,1.2,0.0,0.0
S. Ibaka Tor,"PF,C",76,TOR,5.7,11.4,.503,1.8,2.3,.782,2.2,0.7,14.0,1.8,5.3,7.1,1.0,0.3,1.2,1.3,0.0,0.0
T. Satoransky Chi,"PG,SG",76,CHI,3.5,7.0,.497,1.7,2.1,.794,2.1,0.9,9.5,1.1,2.6,3.7,5.5,1.1,0.2,1.6,0.0,0.0
J. Winslow Mia,PF,70,MIA,5.0,11.8,.427,1.4,2.2,.636,4.2,1.6,13.1,1.0,4.5,5.5,3.8,1.4,0.3,2.2,0.0,0.0
A. Wiggins Min,"SG,SF",80,MIN,7.1,16.8,.423,2.9,4.1,.709,5.3,1.8,18.9,1.1,3.7,4.9,2.4,1.0,0.7,2.0,0.0,0.0
B. Bogdanovic Uta,"SG,SF",80,UTA,5.6,11.8,.474,2.9,3.4,.844,5.0,2.0,16.1,0.4,3.4,3.7,1.6,0.8,0.0,1.3,0.0,0.0
J. Redick NO,SG,72,NO,5.4,12.2,.443,2.4,2.7,.902,7.6,3.1,16.3,0.2,2.0,2.3,2.2,0.4,0.2,1.2,0.0,0.0
T. Young Chi,"SF,PF",79,CHI,4.5,8.8,.506,0.9,1.4,.625,1.5,0.5,10.4,2.0,3.5,5.5,2.2,1.7,0.4,1.3,0.0,0.0
B. Clarke Mem,PF,78,MEM,4.2,7.7,.554,1.9,2.9,.658,0.9,0.3,10.7,1.6,5.2,6.8,1.6,0.7,1.3,1.1,0.0,0.0
P. Beverley LAC,"PG,SG",75,LAC,2.7,6.6,.406,1.4,1.7,.805,3.9,1.5,8.3,1.1,4.3,5.4,4.2,0.9,0.6,1.2,0.0,0.0
K. Huerter Atl,SG,77,ATL,4.2,9.8,.427,0.6,0.8,.754,5.5,2.2,11.2,0.8,2.7,3.6,3.1,0.9,0.4,1.5,0.0,0.0
D. Jordan Bkn,C,74,BKN,3.4,5.1,.668,2.0,3.1,.661,0.0,0.0,8.8,2.6,8.0,10.6,1.8,0.6,0.9,1.8,0.0,0.0
E. Kanter Bos,C,73,BOS,6.5,11.7,.553,2.9,3.7,.798,0.6,0.2,16.0,4.4,6.9,11.3,2.0,0.5,0.5,2.0,0.0,0.0
B. Bogdanovic Sac,"SG,SF",77,SAC,5.4,12.4,.435,2.2,2.6,.839,5.1,1.9,14.9,0.5,2.8,3.3,3.7,1.0,0.2,1.6,0.0,0.0
P. Millsap Den,"PF,C",64,DEN,4.2,9.0,.470,2.4,3.4,.710,2.2,0.8,11.7,1.9,4.4,6.4,1.9,1.1,0.7,1.3,0.0,0.0
J. Brown Bos,"SG,SF",76,BOS,5.5,12.0,.459,2.5,3.5,.699,4.4,1.6,15.1,1.0,3.7,4.6,1.5,1.0,0.5,1.5,0.0,0.0
B. Ingram NO,"SG,SF",68,NO,5.8,12.0,.483,3.6,5.2,.696,2.0,0.7,15.9,0.7,4.0,4.7,2.7,0.5,0.7,2.2,0.0,0.0
D. Powell Dal,"PF,C",80,DAL,4.4,7.5,.579,3.0,3.9,.749,2.0,0.6,12.3,2.2,4.2,6.4,1.7,0.7,0.8,1.0,0.0,0.0
S. Dinwiddie Bkn,PG,74,BKN,5.1,11.9,.431,4.0,4.9,.819,5.3,1.8,16.1,0.4,2.0,2.4,5.0,0.6,0.2,2.0,0.0,0.0
R. Gay SA,"SF,PF",65,SA,4.9,10.3,.474,1.8,2.2,.800,2.7,1.0,12.6,0.8,5.4,6.2,2.4,0.7,0.5,1.5,0.0,0.0
E. Fournier Orl,"SG,SF",75,ORL,5.9,13.0,.450,1.7,2.1,.826,5.5,2.0,15.4,0.5,2.7,3.1,3.3,0.9,0.1,1.9,0.0,0.0
J. Harris Bkn,"SG,SF",77,BKN,5.0,10.2,.487,1.4,1.7,.841,6.0,2.7,14.1,0.7,3.1,3.8,2.3,0.5,0.2,1.5,0.0,0.0
K. Olynyk Mia,"PF,C",79,MIA,3.8,8.2,.471,2.1,2.7,.801,4.6,1.7,11.5,1.0,4.4,5.4,2.5,0.8,0.5,1.6,0.0,0.0
R. Barrett NY,SF,81,NY,6.3,15.6,.401,2.8,4.1,.691,5.0,1.6,17.0,1.4,4.6,6.0,4.4,0.7,0.2,3.1,0.0,0.0
E. Gordon Hou,SG,72,HOU,5.7,13.7,.414,1.8,2.3,.811,8.7,3.3,16.5,0.2,2.0,2.2,2.2,0.6,0.4,1.5,0.0,0.0
C. Zeller Cha,"PF,C",64,CHA,4.2,7.9,.533,2.4,3.2,.759,0.6,0.2,11.0,2.5,5.0,7.5,2.3,0.9,1.0,1.4,0.0,0.0
H. Barnes Sac,"SF,PF",79,SAC,5.1,11.8,.432,3.0,3.6,.833,5.1,1.9,15.1,0.8,4.4,5.2,1.5,0.7,0.2,1.3,0.0,0.0
C. Sexton Cle,PG,80,CLE,6.0,13.9,.434,2.7,3.2,.843,4.5,1.7,16.4,0.7,2.2,2.9,2.7,0.8,0.1,2.5,0.0,0.0
A. Len Atl,"PF,C",75,ATL,5.4,11.3,.482,2.6,3.7,.694,3.5,1.2,14.7,2.9,4.8,7.7,1.5,0.5,1.4,1.7,0.0,0.0
R. Hachimura Was,PF,76,WAS,4.8,9.3,.521,2.1,2.9,.719,1.4,0.5,12.2,1.3,5.0,6.3,1.3,0.6,0.6,1.7,0.0,0.0
D. Green LAL,"SG,SF",73,LAL,3.5,8.1,.433,0.5,0.6,.829,5.6,2.4,9.9,0.8,3.3,4.1,1.5,0.9,0.7,1.0,0.0,0.0
M. Kleber Dal,PF,73,DAL,2.7,6.1,.450,0.8,1.1,.762,3.6,1.2,7.5,1.3,3.5,4.9,1.0,0.5,1.2,0.8,0.0,0.0
Z. Collins Por,"PF,C",80,POR,3.9,8.0,.484,1.8,2.3,.761,2.7,0.9,10.4,2.2,4.3,6.4,1.3,0.5,1.2,1.4,0.0,0.0
D. Augustin Orl,PG,78,ORL,3.5,7.9,.448,2.1,2.4,.874,3.6,1.5,10.7,0.5,1.9,2.4,5.0,0.6,0.1,1.5,0.0,0.0
T. Herro Mia,SG,77,MIA,4.0,9.3,.424,2.0,2.1,.951,4.8,1.7,11.6,0.4,3.1,3.5,1.9,0.6,0.1,1.3,0.0,0.0
D. Rose Det,PG,62,DET,6.2,13.5,.457,2.5,2.9,.870,2.6,0.9,15.7,0.6,1.9,2.5,3.4,0.5,0.2,1.5,0.0,0.0
W. Barton Den,"SG,SF",74,DEN,4.7,10.9,.433,1.4,1.8,.792,4.5,1.6,12.5,0.8,4.0,4.7,2.9,0.7,0.5,1.5,0.0,0.0
J. McGee LAL,C,71,LAL,4.3,6.7,.639,1.0,1.6,.616,0.1,0.0,9.5,2.0,3.9,5.9,0.5,0.5,1.5,1.1,0.0,0.0
W. Cauley-Stein GS,"PF,C",77,GS,4.8,8.5,.561,1.7,2.8,.590,0.3,0.1,11.3,1.7,4.6,6.3,2.1,1.1,0.6,0.9,0.0,0.0
D. Bertans Was,"PF,C",78,WAS,3.4,7.6,.447,0.9,1.0,.861,5.7,2.4,10.1,0.4,4.1,4.4,1.7,0.6,0.6,0.7,0.0,0.0
K. Anderson Mem,"SG,SF",69,MEM,3.2,6.1,.527,0.8,1.4,.577,0.8,0.2,7.4,1.1,4.5,5.5,3.2,1.2,0.8,1.3,0.0,0.0
K. Bazemore Por,"SG,SF",72,POR,4.6,11.3,.408,2.2,2.9,.742,4.8,1.7,13.0,0.6,3.7,4.3,2.5,1.5,0.7,2.0,0.0,0.0
O. Anunoby Tor,"SF,PF",75,TOR,3.8,8.1,.473,1.0,1.5,.632,4.1,1.4,10.1,1.2,3.0,4.2,1.2,1.0,0.4,1.1,0.0,0.0
M. Williams Cha,"SF,PF",77,CHA,3.5,7.9,.436,0.9,1.1,.815,4.7,1.8,9.5,0.9,4.0,5.0,1.1,0.9,0.7,0.6,0.0,0.0
P. Tucker Hou,"SF,PF",81,HOU,2.5,6.1,.401,0.5,0.7,.714,4.5,1.7,7.1,1.4,4.2,5.6,1.1,1.5,0.5,0.7,0.0,0.0
K. Looney GS,"PF,C",72,GS,3.0,5.1,.599,0.9,1.5,.602,0.2,0.0,7.0,2.8,3.2,5.9,1.8,0.7,0.8,0.7,0.0,0.0
G. Dragic Mia,"PG,SG",67,MIA,5.5,12.6,.435,2.4,2.9,.802,4.8,1.7,15.0,0.6,2.6,3.2,4.8,0.9,0.1,2.1,0.0,0.0
C. Osman Cle,"SF,PF",74,CLE,5.4,12.2,.441,2.3,3.0,.763,5.1,1.8,14.8,0.6,4.3,4.9,2.8,0.9,0.1,1.6,0.0,0.0
L. Shamet LAC,PG,81,LAC,3.8,9.0,.416,1.2,1.5,.814,6.5,2.7,11.5,0.3,1.8,2.1,2.1,0.6,0.2,0.7,0.0,0.0
J. Grant Den,"SF,PF",81,DEN,4.2,8.4,.495,1.6,2.3,.689,3.0,1.1,11.0,1.0,3.3,4.3,0.8,0.6,0.9,0.7,0.0,0.0
I. Smith Was,PG,80,WAS,5.0,11.6,.432,1.5,2.1,.721,3.2,1.1,12.6,0.6,2.9,3.4,5.4,0.7,0.3,1.4,0.0,0.0
D. Garland Cle,PG,73,CLE,5.7,13.8,.411,2.1,2.5,.843,5.1,1.8,15.3,0.4,2.6,3.0,5.4,1.0,0.2,3.0,0.0,0.0
N. Noel OKC,"PF,C",76,OKC,2.2,3.9,.568,0.8,1.1,.714,0.0,0.0,5.2,1.8,2.8,4.6,0.6,1.0,1.4,0.7,0.0,0.0
B. Portis NY,"PF,C",66,NY,4.9,11.1,.444,1.7,2.2,.769,3.5,1.3,12.9,2.1,5.6,7.6,1.2,0.6,0.3,1.3,0.0,0.0
T. Prince Bkn,SF,71,BKN,4.6,10.7,.430,1.8,2.2,.823,5.4,2.1,13.1,0.4,3.4,3.8,2.2,1.0,0.4,1.9,0.0,0.0
D. Saric Pho,"PF,C",78,PHO,4.2,9.6,.440,1.8,2.0,.891,4.6,1.7,11.9,1.7,4.6,6.3,1.7,0.6,0.1,1.6,0.0,0.0
J. Poeltl SA,C,78,SA,3.0,4.5,.655,0.8,1.4,.580,0.0,0.0,6.8,2.8,3.6,6.4,1.4,0.4,1.3,0.8,0.0,0.0
E. Payton NY,PG,64,NY,3.7,8.3,.442,1.1,1.5,.716,2.1,0.7,9.1,1.0,3.5,4.4,5.9,0.9,0.3,2.3,0.0,0.0
D. Bacon Cha,SG,74,CHA,4.0,8.9,.451,1.2,1.6,.771,3.0,1.2,10.4,0.3,2.8,3.1,1.6,0.7,0.2,0.6,0.0,0.0
R. Jackson Det,"PG,SG",72,DET,5.2,12.7,.414,2.3,2.7,.848,6.0,2.1,14.9,0.5,2.0,2.5,4.0,0.6,0.1,2.0,0.0,0.0
R. Rondo LAL,PG,68,LAL,3.4,8.1,.422,0.4,0.7,.630,2.7,0.9,8.2,0.6,3.9,4.6,6.9,1.0,0.1,2.4,0.0,0.0
D. Schroder OKC,PG,76,OKC,5.4,12.7,.427,2.4,2.9,.833,4.2,1.4,14.7,0.4,2.8,3.3,4.2,0.8,0.1,2.3,0.0,0.0
J. Culver Min,SF,73,MIN,4.1,9.2,.449,1.7,2.3,.726,2.5,0.8,10.8,0.6,2.7,3.3,1.9,0.6,0.2,1.2,0.0,0.0
T. Ariza Sac,"SG,SF",68,SAC,3.4,8.5,.404,1.5,1.9,.791,5.0,1.8,10.1,0.6,3.7,4.3,2.9,1.0,0.2,1.2,0.0,0.0
I. Zubac LAC,C,72,LAC,4.5,7.7,.577,2.1,2.6,.822,0.0,0.0,11.0,2.3,5.0,7.4,1.3,0.3,1.0,1.4,0.0,0.0
T. Brown Was,"SG,SF",75,WAS,4.3,10.2,.419,1.2,1.7,.679,4.1,1.4,11.2,1.3,4.1,5.4,3.0,0.8,0.2,1.1,0.0,0.0
J. Crowder Mem,"SF,PF",75,MEM,3.8,9.3,.414,1.8,2.4,.746,5.9,1.9,11.4,0.7,4.0,4.7,1.6,0.9,0.4,1.0,0.0,0.0
R. Kurucs Bkn,SF,70,BKN,4.7,10.7,.443,1.7,2.1,.805,4.6,1.5,12.7,1.3,4.4,5.7,1.2,1.0,0.6,1.8,0.0,0.0
M. Morris Det,"PF,C",74,DET,4.3,9.8,.434,1.5,1.9,.790,4.1,1.5,11.5,1.2,4.1,5.4,1.6,0.7,0.4,1.1,0.0,0.0
J. Hayes NO,C,71,NO,2.9,4.5,.636,1.3,1.7,.760,0.4,0.1,7.1,1.4,2.9,4.2,0.5,0.4,1.2,0.5,0.0,0.0
A. Aminu Orl,"SF,PF",72,ORL,2.8,6.8,.414,1.7,2.0,.832,3.2,1.1,8.4,1.3,5.7,7.0,1.2,0.8,0.4,0.8,0.0,0.0
T. Jones Mem,PG,75,MEM,2.5,5.7,.432,0.7,0.9,.844,1.8,0.6,6.3,0.3,1.4,1.7,4.1,1.0,0.1,0.6,0.0,0.0
M. Morris NY,"SF,PF",79,NY,4.2,9.9,.426,1.7,2.1,.807,4.3,1.6,11.7,0.9,4.6,5.6,1.3,0.5,0.3,1.1,0.0,0.0
C. Reddish Atl,PG,72,ATL,2.9,7.1,.403,0.9,1.1,.802,4.0,1.4,8.0,0.3,2.1,2.5,0.9,0.8,0.3,1.5,0.0,0.0
C. White Chi,PG,68,CHI,2.8,6.6,.426,1.3,1.6,.817,2.2,0.7,7.6,0.2,2.0,2.2,3.0,0.7,0.2,1.8,0.0,0.0
J. Johnson Mia,"SF,PF",72,MIA,3.5,7.8,.453,1.0,1.4,.689,3.0,1.0,9.0,0.4,3.2,3.6,2.8,0.7,0.6,1.5,0.0,0.0
N. Powell Tor,"SG,SF",74,TOR,4.2,9.1,.460,1.4,1.7,.802,3.9,1.4,11.1,0.4,2.8,3.1,2.1,0.9,0.3,1.5,0.0,0.0
S. Curry Dal,"PG,SG",73,DAL,4.0,8.8,.454,0.8,1.0,.861,4.7,2.1,10.9,0.5,1.8,2.3,1.2,0.7,0.2,1.2,0.0,0.0
J. Nurkic Por,C,25,POR,4.7,9.4,.498,3.4,4.6,.730,0.4,0.0,12.8,2.8,5.7,8.5,2.7,0.9,1.3,2.1,0.0,0.0
L. Kennard Det,SG,75,DET,4.5,10.1,.447,1.3,1.5,.871,5.2,2.1,12.5,0.2,3.3,3.5,2.5,0.5,0.2,1.1,0.0,0.0
D. Hunter Atl,SF,77,ATL,3.3,7.1,.460,1.1,1.4,.780,1.6,0.6,8.3,0.5,2.9,3.4,1.3,1.4,0.2,0.9,0.0,0.0
N. Bjelica Sac,PF,68,SAC,2.9,6.3,.467,0.8,1.0,.788,2.7,1.1,7.7,1.3,3.4,4.7,1.6,0.6,0.6,0.9,0.0,0.0
M. Beasley Den,"PG,SG",81,DEN,3.6,8.0,.452,0.6,0.7,.810,4.4,1.7,9.5,0.4,1.8,2.2,1.0,0.6,0.1,0.6,0.0,0.0
M. Monk Cha,SG,76,CHA,4.1,10.8,.385,1.6,1.9,.852,6.1,2.1,12.0,0.3,2.2,2.5,2.3,0.7,0.4,1.6,0.0,0.0
T. Hardaway Jr. Dal,"SG,SF",69,DAL,4.4,11.6,.381,2.1,2.5,.823,6.2,2.1,13.0,0.4,2.5,2.9,1.9,0.7,0.1,1.4,0.0,0.0
J. Parker Atl,"SF,PF",59,ATL,4.4,8.7,.505,1.5,2.1,.732,2.4,0.8,11.1,1.0,4.2,5.2,1.9,0.6,0.4,1.8,0.0,0.0
D. House Jr. Hou,SG,76,HOU,3.1,7.1,.444,1.6,2.0,.809,5.0,1.9,9.8,0.7,3.2,3.9,1.1,0.6,0.3,1.0,0.0,0.0
M. Morris Den,PG,81,DEN,4.0,8.1,.485,0.8,0.9,.829,2.7,1.1,9.8,0.4,1.8,2.2,3.4,0.8,0.0,0.6,0.0,0.0
A. Burks GS,"PG,SG",68,GS,3.9,9.3,.419,2.2,2.7,.841,3.5,1.3,11.4,0.6,3.9,4.5,2.4,0.7,0.4,1.2,0.0,0.0
K. Thompson GS,"SG,SF",17,GS,6.2,13.4,.463,1.4,1.7,.828,6.4,2.6,16.4,0.4,2.8,3.2,2.0,0.9,0.3,1.2,0.0,0.0
K. Dunn Chi,"PG,SG",58,CHI,3.6,8.5,.419,0.9,1.2,.761,1.6,0.6,8.6,0.3,2.8,3.2,4.7,1.1,0.4,1.8,0.0,0.0
R. Williams Bos,PF,32,BOS,1.1,1.6,.706,0.3,0.5,.600,0.0,0.0,2.5,0.8,1.7,2.5,0.2,0.3,1.2,0.3,0.0,0.0
J. Green LAC,"PF,C",71,LAC,3.0,6.5,.468,1.1,1.4,.804,2.4,0.9,8.1,1.4,4.1,5.5,0.7,0.6,0.5,1.2,0.0,0.0
T. Johnson Pho,"PG,SG",57,PHO,3.5,8.6,.410,1.6,2.1,.780,4.2,1.5,10.1,0.6,2.3,2.8,3.1,0.9,0.4,1.2,0.0,0.0
P. Connaughton Mil,"SG,SF",78,MIL,2.9,6.4,.458,0.6,0.7,.772,3.7,1.3,7.7,1.1,3.6,4.7,2.3,0.6,0.5,0.6,0.0,0.0
R. Hood Por,"SG,SF",68,POR,4.4,9.9,.448,2.0,2.3,.858,3.5,1.3,12.1,0.4,1.9,2.3,1.9,0.9,0.2,0.8,0.0,0.0
M. Thybulle Phi,SF,71,PHI,1.8,4.6,.394,0.6,0.7,.827,2.6,0.8,5.1,0.3,1.9,2.2,1.3,1.4,0.7,1.0,0.0,0.0
G. Hill Mil,"PG,SG",68,MIL,3.5,7.6,.461,1.4,1.7,.803,3.1,1.1,9.5,0.8,2.2,3.0,3.0,1.0,0.2,1.0,0.0,0.0
D. Smith Jr. NY,"PG,SG",70,NY,5.1,11.7,.435,1.7,2.8,.622,3.7,1.2,13.1,0.6,2.2,2.8,4.5,1.2,0.4,2.8,0.0,0.0
M. Plumlee Den,"PF,C",80,DEN,3.1,5.0,.613,1.3,2.2,.581,0.1,0.0,7.5,1.9,4.1,5.9,2.8,0.8,1.0,1.4,0.0,0.0
M. Bamba Orl,C,68,ORL,2.8,5.7,.500,0.9,1.5,.630,1.6,0.5,7.1,1.5,4.0,5.5,0.9,0.3,1.5,1.0,0.0,0.0
J. Okogie Min,SG,76,MIN,3.1,7.5,.420,1.8,2.4,.751,3.2,1.0,9.0,0.6,2.6,3.2,1.3,1.3,0.5,0.9,0.0,0.0
I. Thomas Was,PG,58,WAS,3.9,10.3,.375,2.2,2.8,.787,4.5,1.4,11.4,0.5,0.8,1.3,2.4,0.5,0.1,1.9,0.0,0.0
M. Harkless LAC,SF,65,LAC,2.4,5.0,.489,0.6,0.9,.639,1.5,0.5,6.0,1.0,2.5,3.4,1.0,0.9,0.7,0.6,0.0,0.0
J. Clarkson Cle,"PG,SG",80,CLE,5.5,12.5,.442,1.6,2.0,.810,4.7,1.6,14.3,0.9,2.0,2.9,2.1,0.6,0.1,1.4,0.0,0.0
A. Holiday Ind,PG,71,IND,3.0,7.3,.417,1.2,1.4,.847,3.5,1.2,8.5,0.1,1.7,1.9,2.8,0.6,0.4,1.1,0.0,0.0
K. Caldwell-Pope LAL,"SG,SF",77,LAL,3.4,8.2,.413,1.4,1.7,.833,4.7,1.7,9.9,0.5,2.1,2.6,1.2,0.8,0.1,0.7,0.0,0.0
W. Matthews Mil,"SG,SF",67,MIL,3.7,9.0,.407,1.7,2.1,.829,5.2,2.0,11.0,0.4,1.8,2.2,2.1,0.8,0.2,1.2,0.0,0.0
A. Caruso LAL,SG,55,LAL,1.9,4.2,.450,1.2,1.5,.753,1.2,0.5,5.4,0.5,1.1,1.6,1.9,0.6,0.2,1.0,0.0,0.0
D. Howard LAL,"PF,C",58,LAL,4.1,6.6,.629,2.5,4.4,.570,0.0,0.0,10.8,2.5,6.1,8.6,0.4,0.7,1.0,1.6,0.0,0.0
T. Thompson Cle,"PF,C",71,CLE,4.6,8.4,.545,1.4,2.3,.602,0.0,0.0,10.5,3.8,6.3,10.1,1.9,0.6,0.4,1.3,0.0,0.0
A. McKinnie GS,PF,72,GS,1.9,3.8,.487,0.4,0.7,.562,1.6,0.6,4.7,1.1,2.3,3.4,0.4,0.2,0.2,0.4,0.0,0.0
N. Vonleh Min,PF,71,MIN,1.9,4.3,.452,1.1,1.5,.694,1.3,0.4,5.4,1.1,4.0,5.1,1.3,0.5,0.5,0.9,0.0,0.0
R. O'Neale Uta,SF,82,UTA,2.1,4.4,.477,0.4,0.6,.708,2.1,0.8,5.4,0.3,3.2,3.5,1.5,0.7,0.3,0.9,0.0,0.0
M. Leonard Mia,"PF,C",64,MIA,2.2,4.2,.520,0.7,0.9,.821,2.0,0.8,5.9,0.8,3.1,4.0,1.3,0.2,0.2,0.7,0.0,0.0
H. Giles Sac,"PF,C",66,SAC,3.8,7.3,.517,1.2,1.8,.631,0.4,0.1,8.8,1.3,3.2,4.5,1.8,0.6,0.5,1.5,0.0,0.0
J. Green Uta,"SF,PF",75,UTA,3.1,7.4,.426,2.1,2.4,.863,3.0,1.0,9.4,0.7,3.0,3.7,1.6,0.5,0.5,1.2,0.0,0.0
G. Bitadze Ind,C,62,IND,2.1,3.9,.533,1.2,1.7,.673,0.9,0.3,5.6,0.9,2.3,3.2,0.3,0.2,0.7,0.8,0.0,0.0
J. Bell Min,"PF,C",68,MIN,1.5,2.8,.516,0.4,0.6,.610,0.0,0.0,3.3,0.8,1.9,2.7,1.1,0.3,0.8,0.6,0.0,0.0
A. Iguodala Mem,"SG,SF",61,MEM,1.9,3.9,.489,0.5,0.8,.612,1.8,0.6,4.9,0.6,2.6,3.2,2.8,0.8,0.7,0.7,0.0,0.0
B. Brown Jr. Det,SG,74,DET,1.7,4.2,.398,0.6,0.8,.750,1.3,0.3,4.3,0.6,1.9,2.5,1.2,0.5,0.5,0.6,0.0,0.0
D. Waiters Mia,"SG,SF",53,MIA,4.1,10.5,.393,0.6,1.0,.630,6.1,2.2,11.0,0.2,2.5,2.7,2.8,0.7,0.2,1.5,0.0,0.0
B. Marjanovic Dal,C,58,DAL,2.5,4.2,.602,1.6,2.1,.770,0.2,0.1,6.7,1.4,2.8,4.2,0.9,0.3,0.4,0.9,0.0,0.0
K. Knox NY,"SF,PF",78,NY,4.4,11.5,.387,2.1,2.8,.733,4.6,1.5,12.5,0.8,3.4,4.2,1.0,0.5,0.3,1.4,0.0,0.0
M. Kidd-Gilchrist Cha,SF,70,CHA,2.3,5.0,.456,1.3,1.8,.748,0.9,0.3,6.2,1.3,2.3,3.5,0.9,0.5,0.6,0.6,0.0,0.0
K. Faried Hou,"PF,C",22,HOU,3.1,5.1,.607,1.3,1.9,.667,0.5,0.1,7.6,1.9,3.0,4.8,0.4,0.3,0.5,0.6,0.0,0.0
J. Jackson Mem,"SG,SF",50,MEM,4.3,10.2,.421,1.7,2.6,.643,2.7,0.9,11.1,0.6,3.6,4.2,2.3,0.9,0.6,2.4,0.0,0.0
G. Dieng Min,"PF,C",70,MIN,2.3,4.6,.486,1.1,1.3,.813,0.7,0.2,5.8,1.0,2.8,3.8,0.9,0.6,0.5,0.7,0.0,0.0
M. Wagner Was,PF,43,WAS,1.7,4.0,.415,1.0,1.2,.811,1.8,0.5,4.8,0.4,1.6,2.0,0.6,0.3,0.3,0.9,0.0,0.0
N. Alexander-Walker NO,SG,78,NO,2.9,6.6,.440,1.3,1.7,.786,2.9,1.0,8.1,0.4,1.9,2.3,2.2,0.8,0.2,1.4,0.0,0.0
T. Gibson NY,"PF,C",74,NY,3.2,6.0,.537,1.5,2.0,.772,0.4,0.1,8.0,1.9,3.2,5.1,0.9,0.6,0.4,0.8,0.0,0.0
G. Williams Bos,PF,61,BOS,1.9,3.9,.498,1.4,1.9,.770,0.8,0.3,5.5,1.0,1.8,2.8,0.7,0.5,0.5,0.8,0.0,0.0
D. Brooks Mem,"SG,SF",72,MEM,4.2,9.7,.432,1.8,2.4,.749,3.2,1.1,11.2,0.7,1.7,2.4,1.3,0.8,0.3,1.5,0.0,0.0
G. Green Hou,"SG,SF",66,HOU,3.3,8.4,.395,0.8,1.0,.815,6.4,2.3,9.7,0.4,2.2,2.6,0.6,0.5,0.4,0.8,0.0,0.0
A. Simons Por,SG,77,POR,4.5,10.5,.430,1.8,2.7,.664,5.7,2.0,12.9,0.5,1.7,2.2,2.2,0.2,0.0,1.9,0.0,0.0
K. O'Quinn Phi,"PF,C",45,PHI,1.5,3.0,.507,0.4,0.5,.810,0.3,0.0,3.5,0.6,2.0,2.6,1.2,0.2,0.6,0.7,0.0,0.0
A. Bradley LAL,"PG,SG",59,LAL,3.0,7.2,.420,0.5,0.6,.829,2.9,1.1,7.6,0.5,1.6,2.1,1.8,0.5,0.2,1.1,0.0,0.0
S. Napier Min,PG,56,MIN,2.9,7.2,.402,1.9,2.3,.850,3.8,1.3,9.0,0.3,1.4,1.7,2.4,0.5,0.3,1.1,0.0,0.0
M. Hezonja Por,"SG,SF",64,POR,2.5,5.8,.436,1.1,1.4,.761,1.9,0.6,6.8,0.4,2.7,3.0,1.1,0.7,0.1,1.1,0.0,0.0
C. Joseph Sac,PG,82,SAC,2.5,5.8,.427,0.3,0.5,.730,1.8,0.6,5.9,0.4,2.5,3.0,3.4,1.0,0.2,0.8,0.0,0.0
D. Theis Bos,"PF,C",66,BOS,2.2,4.0,.549,0.8,1.2,.737,1.0,0.4,5.7,1.3,2.1,3.4,1.0,0.3,0.6,0.5,0.0,0.0
M. Fultz Orl,"PG,SG",65,ORL,3.5,8.2,.432,1.1,1.9,.590,1.0,0.3,8.5,1.3,2.2,3.6,3.4,0.9,0.3,1.3,0.0,0.0
T. Snell Det,"SG,SF",77,DET,3.0,6.8,.446,0.7,0.8,.852,3.8,1.5,8.3,0.5,2.4,2.9,1.3,0.5,0.3,0.4,0.0,0.0
D. Jones Jr. Mia,SF,69,MIA,2.5,5.1,.496,1.2,1.9,.644,1.4,0.4,6.7,1.5,2.3,3.8,0.6,0.7,0.7,0.7,0.0,0.0
R. Hollis-Jefferson Tor,"SF,PF",72,TOR,3.7,8.5,.433,2.2,3.1,.710,0.9,0.2,9.8,1.5,4.0,5.4,1.7,0.8,0.5,1.2,0.0,0.0
G. Robinson III GS,"SG,SF",47,GS,1.6,3.7,.420,0.7,0.9,.800,1.3,0.4,4.2,0.4,1.1,1.5,0.4,0.3,0.2,0.4,0.0,0.0
R. Lopez Mil,C,68,MIL,2.6,4.8,.537,0.8,1.1,.736,0.5,0.1,6.0,1.3,1.4,2.7,0.8,0.1,0.7,0.8,0.0,0.0
C. Miles Was,"SG,SF",70,WAS,3.6,9.4,.384,1.4,1.7,.840,6.2,2.2,10.8,0.4,2.4,2.8,1.1,0.8,0.4,0.9,0.0,0.0
T. McConnell Ind,PG,78,IND,2.6,5.0,.509,0.4,0.4,.800,0.5,0.2,5.6,0.3,1.7,2.1,3.1,0.9,0.2,1.1,0.0,0.0
D. Carroll SA,"SF,PF",71,SA,3.3,8.1,.405,2.5,3.4,.739,4.4,1.5,10.6,1.0,3.9,4.9,1.2,0.4,0.1,1.0,0.0,0.0
D. Windler Cle,SF,58,CLE,2.9,6.3,.468,1.3,1.6,.856,2.9,1.2,8.4,0.8,2.8,3.6,0.8,0.4,0.2,1.4,0.0,0.0
Z. Smith Phi,SG,69,PHI,3.0,7.1,.423,1.4,1.8,.777,3.4,1.3,8.6,0.7,2.2,2.8,2.0,0.4,0.4,1.2,0.0,0.0
C. Anthony Chi,"SF,PF",15,CHI,2.8,7.1,.393,0.9,1.3,.737,3.7,1.3,7.8,0.5,2.7,3.2,0.3,0.3,0.4,0.5,0.0,0.0
A. Baynes Pho,C,51,PHO,2.1,4.4,.471,1.0,1.2,.855,1.2,0.4,5.6,1.7,3.0,4.7,1.1,0.2,0.7,0.8,0.0,0.0
M. Chriss GS,"PF,C",43,GS,1.6,4.2,.372,0.7,1.0,.711,1.7,0.4,4.2,0.9,2.4,3.3,0.5,0.4,0.3,0.8,0.0,0.0
M. Muscala OKC,"PF,C",71,OKC,2.8,6.8,.410,1.4,1.6,.842,4.8,1.7,8.7,1.1,3.5,4.6,1.4,0.4,0.7,0.9,0.0,0.0
S. Johnson Tor,"SG,SF",70,TOR,2.7,6.9,.393,0.8,1.0,.771,3.4,1.0,7.2,0.5,2.9,3.4,1.4,0.9,0.2,1.3,0.0,0.0
D. Bembry Atl,SF,76,ATL,2.5,5.4,.463,0.8,1.2,.667,1.5,0.5,6.3,0.5,2.7,3.1,1.8,0.9,0.4,1.2,0.0,0.0
D. Melton Mem,"PG,SG",50,MEM,2.0,5.1,.391,0.4,0.6,.750,1.9,0.6,5.0,0.5,2.2,2.7,3.2,1.4,0.5,1.5,0.0,0.0
L. Walker IV SA,SG,68,SA,2.1,5.1,.400,0.9,1.1,.829,1.5,0.5,5.6,0.0,1.9,1.9,1.0,0.8,0.3,0.4,0.0,0.0
C. Boucher Tor,"PF,C",28,TOR,1.2,2.7,.447,0.5,0.5,.867,1.3,0.4,3.3,0.6,1.4,2.0,0.1,0.2,0.9,0.2,0.0,0.0
B. Fernando Atl,C,55,ATL,1.5,2.7,.537,0.9,1.2,.754,0.2,0.1,3.9,0.9,2.3,3.3,0.3,0.3,0.7,0.9,0.0,0.0
A. Crabbe Atl,"SG,SF",68,ATL,2.8,7.3,.386,0.9,1.1,.784,5.1,1.9,8.4,0.3,2.6,2.9,0.9,0.5,0.2,0.9,0.0,0.0
J. Okafor NO,C,56,NO,2.4,4.2,.571,0.7,1.1,.678,0.1,0.0,5.6,1.0,2.3,3.3,0.5,0.2,0.5,0.6,0.0,0.0
K. Korver Mil,"SG,SF",68,MIL,2.3,5.4,.437,0.7,0.8,.873,3.9,1.6,7.0,0.1,1.7,1.8,0.9,0.3,0.1,0.7,0.0,0.0
J. Hart NO,"SG,SF",66,NO,1.9,4.5,.427,0.5,0.8,.692,2.7,1.0,5.4,0.3,2.1,2.4,0.9,0.6,0.4,0.6,0.0,0.0
A. Zizic Cle,C,62,CLE,2.8,4.8,.587,1.4,1.9,.725,0.0,0.0,7.1,1.6,3.1,4.7,0.8,0.2,0.3,0.9,0.0,0.0
E. Ilyasova Mil,"SF,PF",71,MIL,2.7,6.0,.444,0.9,1.2,.795,2.5,0.9,7.2,1.5,3.3,4.7,0.8,0.5,0.3,0.8,0.0,0.0
T. Lyles SA,PF,72,SA,3.1,6.8,.452,1.1,1.6,.711,2.7,0.9,8.1,0.6,2.8,3.4,1.2,0.4,0.3,0.9,0.0,0.0
A. Roberson OKC,"SG,SF",55,OKC,1.8,3.7,.495,0.3,0.8,.341,1.0,0.2,4.1,1.0,2.4,3.5,1.0,0.9,0.6,0.6,0.0,0.0
K. Durant Bkn,"SF,PF",5,BKN,5.2,11.4,.456,4.0,4.4,.909,5.4,1.8,16.2,0.8,4.2,5.0,3.0,0.6,0.6,2.0,0.0,0.0
J. Holiday Ind,"SG,SF",80,IND,2.7,6.9,.394,0.9,1.0,.877,4.1,1.5,7.8,0.4,2.5,2.9,1.3,1.1,0.3,0.9,0.0,0.0
P. Mills SA,PG,82,SA,2.9,7.0,.413,0.9,1.1,.865,4.3,1.6,8.4,0.3,1.7,1.9,2.6,0.5,0.1,1.0,0.0,0.0
B. Forbes SA,PG,80,SA,3.1,7.1,.440,0.6,0.7,.857,3.7,1.5,8.3,0.2,2.0,2.1,1.6,0.4,0.0,0.7,0.0,0.0
M. Belinelli SA,"SG,SF",76,SA,3.1,7.5,.419,1.3,1.5,.883,4.7,1.8,9.4,0.2,2.1,2.3,1.6,0.4,0.1,0.9,0.0,0.0
R. Holmes Sac,"PF,C",60,SAC,2.4,4.0,.600,1.3,1.8,.700,0.2,0.0,6.1,1.2,2.3,3.5,0.6,0.4,0.8,0.6,0.0,0.0
R. Bullock NY,"SG,SF",66,NY,3.3,7.8,.422,0.9,1.1,.824,5.2,2.0,9.5,0.3,2.0,2.3,1.7,0.5,0.2,0.9,0.0,0.0
G. Temple Bkn,"SG,SF",72,BKN,2.2,5.3,.422,0.8,1.1,.744,2.8,1.0,6.3,0.3,1.9,2.2,1.1,0.8,0.3,0.8,0.0,0.0
R. Arcidiacono Chi,PG,50,CHI,1.1,2.5,.440,0.5,0.6,.867,1.3,0.5,3.2,0.2,1.1,1.3,1.6,0.4,0.0,0.4,0.0,0.0
E. Davis Uta,"PF,C",80,UTA,2.4,4.0,.608,1.4,2.1,.649,0.0,0.0,6.2,2.9,6.3,9.2,0.8,0.5,0.6,0.8,0.0,0.0
W. Ellington NY,"SG,SF",69,NY,2.9,7.1,.407,0.6,0.8,.827,5.8,2.2,8.6,0.2,1.4,1.7,1.1,0.8,0.1,0.6,0.0,0.0
E. Moore NO,"SG,SF",72,NO,3.8,7.9,.485,0.6,0.9,.730,2.6,1.1,9.4,0.5,1.4,1.9,1.6,0.6,0.1,0.9,0.0,0.0
D. Finney-Smith Dal,"SF,PF",80,DAL,2.8,6.7,.425,1.0,1.3,.740,3.2,1.0,7.7,1.8,3.2,4.9,1.2,0.9,0.5,0.9,0.0,0.0
D. Miller NO,"SG,SF",8,NO,1.1,3.1,.360,0.2,0.4,.667,2.2,0.8,3.2,0.1,0.6,0.8,0.9,0.1,0.1,0.4,0.0,0.0
V. Carter Atl,"SG,SF",55,ATL,1.8,4.5,.402,0.5,0.6,.743,3.0,1.1,5.2,0.3,1.6,1.9,0.8,0.4,0.3,0.5,0.0,0.0
D. Dotson NY,SG,61,NY,2.2,5.4,.413,0.5,0.8,.717,2.6,0.9,5.9,0.3,1.8,2.0,1.0,0.4,0.1,0.5,0.0,0.0
L. Galloway Det,"PG,SG",73,DET,1.8,4.6,.386,0.6,0.8,.818,3.0,1.1,5.3,0.4,1.0,1.3,0.7,0.3,0.1,0.2,0.0,0.0
J. Jackson Dal,SF,77,DAL,2.6,5.7,.460,0.7,0.9,.761,2.9,1.0,7.0,0.5,2.0,2.5,1.1,0.4,0.2,0.3,0.0,0.0
J. Jerebko GS,"SF,PF",50,GS,1.9,4.2,.441,0.8,1.0,.812,2.2,0.8,5.3,0.9,2.6,3.4,1.1,0.3,0.2,0.5,0.0,0.0
Y. Ferrell Sac,"PG,SG",66,SAC,1.9,4.3,.435,0.7,0.8,.870,1.8,0.7,5.1,0.2,1.2,1.3,1.7,0.4,0.0,0.5,0.0,0.0
S. Harrison Chi,PG,55,CHI,2.1,4.6,.445,1.0,1.3,.726,1.0,0.3,5.3,0.4,2.1,2.4,1.5,1.0,0.3,0.7,0.0,0.0
E. Turner Atl,"SG,SF",77,ATL,2.4,5.2,.453,1.0,1.2,.771,0.6,0.2,5.8,0.4,3.4,3.8,3.3,0.4,0.2,1.3,0.0,0.0
J. Wall Was,PG,8,WAS,4.5,10.8,.419,2.1,3.0,.708,3.2,1.0,12.1,0.2,2.0,2.2,5.4,1.0,0.5,2.4,0.0,0.0
C. Diallo Pho,"PF,C",55,PHO,1.9,3.2,.600,0.6,0.8,.767,0.1,0.0,4.4,0.9,3.0,3.9,0.4,0.3,0.4,0.6,0.0,0.0
E. Mudiay Uta,PG,64,UTA,3.2,7.6,.420,1.4,1.9,.754,2.2,0.7,8.5,0.3,1.7,2.0,2.3,0.4,0.2,1.4,0.0,0.0
J. Ennis III Phi,"SG,SF",64,PHI,1.8,4.0,.436,0.8,1.1,.732,2.1,0.7,5.0,0.8,1.7,2.5,0.6,0.6,0.3,0.5,0.0,0.0
T. Craig Den,"SG,SF",75,DEN,2.1,4.8,.442,0.7,0.9,.700,2.5,0.8,5.7,1.2,2.3,3.5,1.0,0.5,0.6,0.6,0.0,0.0
A. Rivers Hou,"PG,SG",74,HOU,3.2,7.7,.413,0.7,1.3,.579,4.4,1.5,8.6,0.3,1.9,2.2,2.3,0.6,0.3,0.9,0.0,0.0
W. Chandler Bkn,"SF,PF",47,BKN,2.1,5.0,.414,0.4,0.4,.810,2.9,1.0,5.6,0.9,3.1,4.0,1.5,0.4,0.4,0.9,0.0,0.0
I. Shumpert Hou,"SG,SF",38,HOU,1.7,4.6,.382,0.4,0.4,.824,2.8,0.9,4.8,0.3,1.6,1.8,1.1,0.6,0.2,0.5,0.0,0.0
D. McDermott Ind,SF,70,IND,2.4,5.0,.480,0.8,0.9,.846,2.4,1.0,6.6,0.2,1.1,1.3,0.8,0.2,0.1,0.5,0.0,0.0
M. Scott Phi,PF,76,PHI,2.4,5.6,.423,0.3,0.4,.697,3.3,1.4,6.4,0.6,3.1,3.7,0.9,0.3,0.2,0.6,0.0,0.0
J. Lin Tor,"PG,SG",44,TOR,2.6,6.1,.424,1.9,2.4,.808,2.1,0.7,7.8,0.2,1.8,2.0,2.6,0.5,0.1,1.4,0.0,0.0
T. Burke Phi,PG,55,PHI,2.9,6.6,.439,1.2,1.5,.829,1.9,0.7,7.7,0.3,0.9,1.2,1.9,0.4,0.1,0.6,0.0,0.0
T. Ferguson OKC,"SG,SF",76,OKC,2.6,6.1,.426,0.6,0.7,.782,4.1,1.4,7.2,0.5,1.5,2.0,1.0,0.6,0.2,0.7,0.0,0.0
J. Crawford Pho,"SG,SF",51,PHO,2.1,5.4,.396,1.2,1.4,.870,2.5,0.8,6.2,0.1,0.9,1.0,2.8,0.4,0.1,1.2,0.0,0.0
A. Tolliver Por,"SF,PF",65,POR,1.5,4.0,.382,0.7,0.9,.783,3.3,1.2,5.0,0.2,2.5,2.7,0.7,0.3,0.3,0.6,0.0,0.0
J. Layman Min,PF,79,MIN,3.3,7.1,.473,0.9,1.2,.742,3.0,1.0,8.6,0.9,2.7,3.6,0.9,0.5,0.5,0.8,0.0,0.0
J. Hernangomez Den,"SF,PF",62,DEN,1.6,3.7,.441,0.8,1.0,.794,2.1,0.7,4.8,0.8,2.4,3.1,0.6,0.3,0.3,0.4,0.0,0.0
T. Maker Det,"PF,C",64,DET,1.7,4.2,.407,0.9,1.3,.667,2.4,0.8,5.0,0.6,2.5,3.2,0.7,0.3,0.8,0.5,0.0,0.0
Q. Cook LAL,PG,70,LAL,3.4,7.1,.476,0.3,0.4,.828,3.2,1.3,8.4,0.4,2.2,2.5,1.9,0.3,0.0,0.8,0.0,0.0
J. Grant Orl,"PG,SG",60,ORL,1.5,3.7,.418,0.4,0.7,.650,1.8,0.7,4.2,0.3,1.3,1.6,2.6,0.7,0.1,0.8,0.0,0.0
J. Brunson Dal,PG,76,DAL,2.9,6.5,.456,1.1,1.4,.827,2.1,0.7,7.8,0.3,1.6,1.9,2.6,0.4,0.0,1.0,0.0,0.0
L. Kornet Chi,"PF,C",40,CHI,1.8,4.8,.382,0.6,0.8,.806,3.2,1.1,5.4,0.5,1.8,2.3,0.9,0.5,0.7,0.4,0.0,0.0
D. Harris Dal,"PG,SG",51,DAL,1.8,4.5,.394,1.4,1.7,.798,2.6,0.9,5.8,0.2,1.3,1.5,1.6,0.5,0.2,0.7,0.0,0.0
D. Cunningham SA,"SF,PF",40,SA,0.9,1.9,.462,0.2,0.2,.778,0.8,0.3,2.3,0.6,1.7,2.3,0.6,0.3,0.1,0.3,0.0,0.0
T. Frazier Det,"PG,SG",59,DET,2.0,4.4,.444,0.7,0.9,.759,1.7,0.6,5.3,0.7,2.2,2.8,4.2,0.5,0.1,1.3,0.0,0.0
Z. Pachulia Det,C,68,DET,1.2,2.8,.440,1.4,1.8,.782,0.1,0.0,3.9,1.5,2.4,3.9,1.3,0.5,0.2,0.8,0.0,0.0
F. Kaminsky Pho,"PF,C",72,PHO,3.3,7.3,.447,2.0,2.6,.767,3.4,1.3,9.8,1.0,3.0,4.0,1.5,0.3,0.3,1.0,0.0,0.0
D. Nwaba Bkn,"SG,SF",58,BKN,2.1,4.3,.494,0.9,1.4,.675,1.2,0.4,5.6,0.7,2.0,2.7,0.9,0.6,0.3,0.5,0.0,0.0
R. McGruder LAC,"SG,SF",70,LAC,2.0,4.8,.424,0.5,0.8,.698,2.4,0.9,5.5,0.6,1.9,2.5,1.2,0.4,0.1,0.7,0.0,0.0
B. Biyombo Cha,"PF,C",54,CHA,1.6,2.9,.571,1.1,1.7,.637,0.0,0.0,4.4,1.5,3.1,4.6,0.6,0.2,0.8,0.6,0.0,0.0
K. Williams NO,SF,38,NO,2.0,4.7,.424,0.4,0.6,.727,2.3,0.8,5.2,0.7,2.2,2.9,1.1,0.6,0.3,0.5,0.0,0.0
W. Iwundu Orl,"SG,SF",68,ORL,1.7,4.0,.412,1.2,1.5,.816,1.2,0.4,5.0,0.5,2.2,2.7,1.1,0.4,0.3,0.6,0.0,0.0
S. Brown Mil,"SG,SF",64,MIL,2.6,5.7,.460,0.6,0.8,.735,2.7,1.0,6.8,0.5,2.8,3.3,1.5,0.5,0.1,0.8,0.0,0.0
T. Sefolosha Hou,"SG,SF",50,HOU,1.4,3.0,.477,0.3,0.4,.636,1.6,0.7,3.8,0.2,2.3,2.5,0.5,0.9,0.1,0.5,0.0,0.0
J. Dudley LAL,"SF,PF",70,LAL,2.0,4.6,.426,0.5,0.7,.692,3.2,1.2,5.7,0.5,1.9,2.5,1.3,0.6,0.3,0.7,0.0,0.0
T. Daniels LAL,"PG,SG",64,LAL,1.9,4.5,.416,0.3,0.4,.846,3.5,1.4,5.5,0.2,1.1,1.3,0.5,0.5,0.1,0.5,0.0,0.0
J. Barea Dal,"PG,SG",45,DAL,2.4,5.9,.415,0.9,1.2,.759,2.0,0.6,6.4,0.2,1.2,1.4,3.2,0.3,0.0,1.1,0.0,0.0
P. Gasol Por,"PF,C",30,POR,1.1,2.3,.464,0.7,1.0,.759,0.3,0.1,3.0,0.5,2.8,3.3,1.3,0.1,0.4,0.4,0.0,0.0
C. Lee Dal,"SG,SF",34,DAL,1.6,3.8,.411,0.4,0.6,.667,1.6,0.5,4.0,0.3,1.3,1.6,1.1,0.6,0.1,0.4,0.0,0.0
A. Trier NY,SG,70,NY,2.9,6.4,.458,2.3,2.8,.835,1.6,0.6,8.8,0.4,2.1,2.4,1.5,0.3,0.2,1.4,0.0,0.0
K. Birch Orl,"PF,C",50,ORL,1.8,3.0,.603,1.2,1.7,.699,0.0,0.0,4.8,1.6,2.2,3.8,0.8,0.4,0.6,0.4,0.0,0.0
J. Simmons Was,"SG,SF",48,WAS,1.8,4.4,.410,0.9,1.2,.763,1.3,0.4,5.0,0.3,1.2,1.6,1.6,0.4,0.2,0.9,0.0,0.0
D. Bender Mil,"PF,C",42,MIL,1.0,2.3,.443,0.4,0.6,.667,1.2,0.4,2.9,0.4,1.7,2.1,0.7,0.2,0.3,0.4,0.0,0.0
W. Hernangomez Cha,C,60,CHA,3.2,6.1,.520,2.0,2.9,.703,0.9,0.3,8.8,2.4,3.9,6.3,1.2,0.3,0.4,1.2,0.0,0.0
A. Johnson Phi,"PF,C",51,PHI,1.5,3.1,.503,0.6,0.8,.756,0.8,0.2,3.9,0.9,2.0,2.9,1.2,0.3,0.3,0.9,0.0,0.0
W. Selden Jr. Chi,SG,37,CHI,1.8,4.3,.425,0.6,0.8,.742,1.6,0.5,4.8,0.3,1.3,1.6,1.0,0.3,0.1,0.7,0.0,0.0
B. Caboclo Mem,"SF,PF",50,MEM,1.7,4.4,.399,0.8,1.0,.833,2.5,0.9,5.2,0.8,2.2,3.1,1.0,0.3,0.6,0.7,0.0,0.0
T. Chandler Hou,C,55,HOU,1.1,1.8,.616,0.9,1.6,.586,0.0,0.0,3.1,1.7,3.9,5.6,0.7,0.4,0.4,0.8,0.0,0.0
I. Rabb Mem,PF,49,MEM,2.4,4.3,.547,1.0,1.4,.710,0.3,0.1,5.8,1.4,2.8,4.2,1.1,0.3,0.3,0.7,0.0,0.0
O. Spellman GS,PF,50,GS,1.6,3.8,.423,0.5,0.7,.743,2.0,0.7,4.4,1.1,1.9,3.0,0.7,0.4,0.4,0.5,0.0,0.0
J. Noah Mem,"PF,C",35,MEM,1.9,4.0,.482,1.5,2.1,.736,0.0,0.0,5.4,1.1,3.4,4.5,1.7,0.4,0.6,0.9,0.0,0.0
C. Brewer Sac,"SG,SF",31,SAC,1.7,4.0,.431,1.0,1.4,.721,1.4,0.5,4.9,0.8,1.6,2.5,1.3,1.0,0.2,0.6,0.0,0.0
J. Henson Cle,"PF,C",14,CLE,2.2,4.8,.463,0.4,0.7,.600,2.2,0.8,5.6,1.1,3.9,5.1,1.0,0.5,0.8,0.9,0.0,0.0
C. Payne Tor,PG,34,TOR,2.1,4.9,.422,0.7,0.9,.774,1.9,0.6,5.4,0.3,1.3,1.6,2.3,0.6,0.2,1.0,0.0,0.0
S. Mejri Dal,C,36,DAL,1.5,3.1,.491,0.6,0.9,.625,0.9,0.3,3.9,1.0,2.6,3.6,1.0,0.3,0.7,0.6,0.0,0.0
F. Ntilikina NY,"PG,SG",43,NY,2.2,6.6,.337,0.5,0.7,.767,2.7,0.8,5.7,0.3,1.7,2.0,2.8,0.7,0.3,1.3,0.0,0.0
J. Bolden Phi,PF,70,PHI,2.0,4.2,.491,0.4,0.7,.531,2.5,0.9,5.3,1.2,3.0,4.2,1.0,0.4,1.0,0.9,0.0,0.0
O. Casspi Mem,"SF,PF",30,MEM,1.8,3.5,.510,0.9,1.2,.703,0.9,0.3,4.7,0.4,2.1,2.5,0.6,0.4,0.2,0.5,0.0,0.0
I. Mahinmi Was,C,34,WAS,1.4,3.1,.452,1.2,1.8,.689,0.5,0.1,4.1,1.4,2.4,3.8,0.7,0.7,0.5,0.6,0.0,0.0
M. Beasley Det,"SF,PF",41,DET,3.2,6.5,.498,1.2,1.7,.735,0.7,0.2,8.0,0.6,2.0,2.6,1.1,0.4,0.4,1.1,0.0,0.0
F. Jackson NO,PG,59,NO,2.4,5.4,.447,0.7,0.9,.769,2.1,0.7,6.2,0.3,1.3,1.6,0.8,0.3,0.0,0.6,0.0,0.0
D. Wilson Mil,PF,66,MIL,2.1,5.0,.415,0.5,0.9,.548,2.5,0.9,5.6,0.9,3.5,4.4,1.0,0.4,0.4,0.6,0.0,0.0
F. Korkmaz Phi,SG,48,PHI,2.0,5.1,.400,0.8,0.9,.818,3.0,1.0,5.8,0.3,1.9,2.2,1.1,0.6,0.0,0.5,0.0,0.0
R. Felton OKC,"PG,SG",33,OKC,1.7,4.1,.407,0.4,0.4,.923,1.8,0.6,4.3,0.1,0.9,1.0,1.6,0.3,0.2,0.4,0.0,0.0
G. Clark Hou,"SF,PF",51,HOU,1.0,3.0,.331,0.1,0.1,1.000,2.7,0.8,2.9,0.5,1.8,2.3,0.4,0.4,0.5,0.1,0.0,0.0
M. Dellavedova Cle,"PG,SG",58,CLE,1.8,4.6,.392,0.8,1.0,.810,2.5,0.9,5.3,0.1,1.4,1.5,3.4,0.3,0.0,1.3,0.0,0.0
N. Hilario Hou,"PF,C",42,HOU,1.4,2.8,.517,0.7,1.1,.660,0.1,0.0,3.6,0.8,2.1,2.9,0.6,0.4,0.4,0.3,0.0,0.0
C. Felicio Chi,C,60,CHI,1.6,3.0,.531,0.8,1.2,.685,0.1,0.0,4.0,1.3,2.3,3.6,0.6,0.2,0.1,0.6,0.0,0.0
T. Leaf Ind,PF,58,IND,1.7,3.2,.541,0.3,0.5,.613,0.5,0.1,3.9,0.7,1.4,2.2,0.4,0.2,0.3,0.2,0.0,0.0
J. Martin Cle,"PF,C",42,CLE,1.0,2.5,.413,0.2,0.3,.818,1.4,0.5,2.7,0.3,1.5,1.7,0.4,0.1,0.2,0.3,0.0,0.0
L. Thomas Bkn,"SG,SF",46,BKN,1.7,4.3,.396,0.6,0.8,.750,1.7,0.5,4.5,0.5,2.1,2.5,0.6,0.4,0.2,0.5,0.0,0.0
E. Okobo Pho,PG,53,PHO,2.2,5.5,.393,0.7,0.9,.787,2.5,0.7,5.7,0.2,1.6,1.8,2.4,0.6,0.1,1.3,0.0,0.0
J. Anderson Was,SF,48,WAS,1.3,3.3,.408,0.5,0.7,.743,1.6,0.5,3.7,0.5,1.2,1.8,0.5,0.5,0.3,0.5,0.0,0.0
T. Graham Min,"SG,SF",35,MIN,1.8,5.5,.335,0.5,0.6,.818,3.7,1.1,5.3,0.7,2.4,3.1,1.0,0.4,0.2,0.5,0.0,0.0
A. Nader OKC,PF,61,OKC,1.5,3.5,.423,0.4,0.6,.750,1.6,0.5,4.0,0.2,1.7,1.9,0.3,0.3,0.2,0.4,0.0,0.0
J. Smith Cle,"SG,SF",35,CLE,2.1,5.5,.389,0.5,0.7,.667,2.8,0.9,5.7,0.0,1.2,1.2,1.4,0.7,0.2,0.7,0.0,0.0
J. Calderon Det,PG,49,DET,0.9,2.4,.375,0.2,0.2,.818,1.2,0.3,2.3,0.2,1.0,1.2,2.3,0.3,0.1,0.7,0.0,0.0
C. Parsons Atl,"SF,PF",35,ATL,2.1,5.3,.398,0.7,0.8,.821,2.5,0.8,5.7,0.1,2.1,2.2,1.4,0.6,0.2,1.0,0.0,0.0
T. Luwawu-Cabarrot Cle,"SG,SF",50,CLE,1.6,4.4,.376,0.6,0.8,.756,2.3,0.7,4.6,0.2,1.7,1.9,0.5,0.4,0.2,0.4,0.0,0.0
S. Hill Mem,"SG,SF",44,MEM,1.5,4.0,.382,0.5,0.7,.719,2.3,0.7,4.3,0.8,2.2,3.0,1.2,0.5,0.2,0.7,0.0,0.0
R. Neto Phi,PG,44,PHI,1.7,3.8,.452,0.6,0.8,.824,1.4,0.5,4.5,0.1,1.3,1.5,2.2,0.3,0.1,0.8,0.0,0.0
G. Niang Uta,PF,59,UTA,1.5,3.1,.475,0.3,0.4,.833,1.8,0.7,4.0,0.2,1.3,1.5,0.6,0.2,0.1,0.4,0.0,0.0
M. Carter-Williams Orl,PG,28,ORL,1.6,4.4,.374,1.1,1.9,.604,1.4,0.4,4.8,0.7,1.8,2.5,2.5,0.7,0.5,0.7,0.0,0.0
C. Hutchison Chi,"SG,SF",44,CHI,2.2,4.8,.459,0.5,0.9,.605,1.1,0.3,5.2,0.7,3.5,4.2,0.8,0.5,0.1,0.6,0.0,0.0
T. Dorsey Mem,PG,34,MEM,1.4,3.4,.405,0.5,0.8,.630,1.7,0.6,3.9,0.4,1.1,1.5,0.7,0.2,0.0,0.4,0.0,0.0
P. McCaw Tor,"SG,SF",29,TOR,0.9,2.2,.413,0.4,0.5,.867,1.0,0.3,2.6,0.2,1.4,1.7,1.0,0.8,0.1,0.6,0.0,0.0
C. Randle Was,PG,15,WAS,1.2,2.9,.409,0.5,0.9,.615,1.5,0.6,3.5,0.1,0.6,0.7,1.3,0.3,0.1,0.6,0.0,0.0
D. Jones Atl,C,24,ATL,2.2,3.1,.716,1.0,1.5,.649,0.0,0.0,5.4,1.3,1.8,3.1,1.2,0.5,1.0,0.7,0.0,0.0
I. Canaan Mil,PG,20,MIL,1.2,3.4,.368,0.4,0.5,.800,2.0,0.7,3.6,0.1,1.1,1.1,1.8,0.3,0.1,0.7,0.0,0.0
J. Bayless Min,"PG,SG",28,MIN,1.9,4.9,.387,0.4,0.6,.706,2.1,0.7,4.9,0.2,1.1,1.3,2.5,0.4,0.0,0.7,0.0,0.0
R. Anderson Hou,"PF,C",25,HOU,0.8,2.8,.304,0.5,0.6,.750,1.6,0.4,2.5,0.7,1.4,2.2,0.8,0.2,0.0,0.6,0.0,0.0
D. Graham Cha,PG,46,CHA,1.6,4.7,.343,0.8,1.0,.761,2.6,0.7,4.7,0.2,1.2,1.4,2.6,0.5,0.0,0.7,0.0,0.0
D. Lee GS,SG,32,GS,1.8,4.0,.441,0.6,0.7,.864,2.1,0.8,4.9,0.2,1.8,2.0,0.4,0.4,0.0,0.3,0.0,0.0
B. Knight Cle,"PG,SG",50,CLE,2.8,7.1,.394,0.7,0.9,.804,3.5,1.2,7.5,0.3,1.3,1.6,1.9,0.6,0.1,0.8,0.0,0.0
D. Exum Uta,"PG,SG",55,UTA,2.9,6.4,.450,1.8,2.3,.808,1.6,0.5,8.1,0.4,1.4,1.8,3.1,0.4,0.1,1.4,0.0,0.0
F. Mason III Mil,PG,38,MIL,1.9,4.4,.420,1.0,1.5,.684,1.7,0.4,5.1,0.2,1.0,1.1,2.2,0.4,0.1,0.9,0.0,0.0
J. Carter Pho,PG,39,PHO,1.4,4.7,.303,0.7,0.8,.812,2.6,0.9,4.4,0.4,1.3,1.7,1.8,0.7,0.3,0.8,0.0,0.0
S. Labissiere Por,"PF,C",22,POR,1.2,2.2,.531,0.4,0.8,.529,0.6,0.3,3.0,0.4,1.5,2.0,0.5,0.2,0.3,0.5,0.0,0.0
K. Allen NY,SG,13,NY,1.6,3.8,.429,1.2,1.5,.789,0.9,0.4,4.8,0.2,1.2,1.4,2.0,0.5,0.1,0.7,0.0,0.0
D. Davis Atl,PF,9,ATL,1.7,2.4,.682,0.7,1.1,.600,0.1,0.0,4.0,1.1,2.9,4.0,0.6,0.3,0.6,0.3,0.0,0.0
A. Blakeney Chi,PG,62,CHI,2.2,5.3,.416,0.7,1.0,.698,1.2,0.5,5.6,0.1,1.3,1.4,0.6,0.2,0.1,0.5,0.0,0.0
K. Bates-Diop Min,SF,30,MIN,2.0,4.7,.423,0.6,0.9,.643,1.7,0.4,5.0,0.5,2.2,2.8,0.6,0.6,0.5,0.5,0.0,0.0
A. Harrison GS,"PG,SG",17,GS,0.9,3.1,.302,1.0,1.1,.944,1.5,0.3,3.2,0.4,0.8,1.2,1.4,0.2,0.1,0.7,0.0,0.0
B. Wanamaker Bos,"PG,SG",36,BOS,1.4,2.9,.476,0.7,0.8,.857,1.1,0.4,3.9,0.1,1.1,1.1,1.6,0.3,0.1,0.5,0.0,0.0
J. Leuer Mil,"PF,C",41,MIL,1.6,2.8,.584,0.6,0.8,.742,0.3,0.0,3.8,0.7,1.7,2.4,0.3,0.3,0.1,0.6,0.0,0.0
S. Ojeleye Bos,"SF,PF",56,BOS,1.2,2.8,.424,0.4,0.7,.615,1.6,0.5,3.3,0.4,1.1,1.5,0.4,0.2,0.1,0.3,0.0,0.0
R. Broekhoff Dal,SF,42,DAL,1.4,3.0,.452,0.4,0.5,.789,2.2,0.9,4.0,0.2,1.3,1.5,0.5,0.1,0.1,0.4,0.0,0.0
J. Meeks Tor,SG,15,TOR,2.3,4.7,.486,0.5,0.5,.875,2.1,0.9,5.9,0.1,1.3,1.5,0.9,0.1,0.1,0.3,0.0,0.0
B. McLemore Hou,SG,19,HOU,1.3,3.4,.391,0.4,0.6,.667,2.2,0.9,3.9,0.2,0.7,0.9,0.2,0.3,0.2,0.3,0.0,0.0
S. Thornwell Cle,SG,64,CLE,0.3,0.8,.347,0.4,0.5,.735,0.2,0.0,1.0,0.1,0.6,0.7,0.3,0.2,0.1,0.3,0.0,0.0
T. Williams Sac,"SG,SF",15,SAC,2.5,6.0,.422,0.5,0.9,.538,2.5,1.0,6.5,0.8,3.1,3.9,0.7,0.7,0.5,0.6,0.0,0.0
J. McRae Was,"PG,SG",68,WAS,3.2,7.2,.449,1.5,1.9,.788,1.9,0.6,8.6,0.4,2.0,2.4,1.7,0.7,0.4,0.8,0.0,0.0
D. DiVincenzo Mil,SG,69,MIL,2.1,5.2,.408,0.4,0.5,.771,3.5,1.1,5.7,0.7,2.0,2.7,1.3,0.6,0.2,0.8,0.0,0.0
N. Young Den,"SG,SF",8,DEN,0.9,2.5,.350,0.0,0.0,.000,2.2,0.9,2.6,0.0,0.2,0.2,0.5,0.0,0.2,0.5,0.0,0.0
T. Wallace Min,"PG,SG",62,MIN,1.5,3.5,.424,0.5,0.9,.526,0.3,0.1,3.5,0.3,1.3,1.6,0.7,0.3,0.1,0.6,0.0,0.0
J. Adams Mil,PG,34,MIL,1.1,3.2,.345,0.2,0.3,.778,2.2,0.7,3.2,0.3,1.4,1.8,1.9,0.4,0.1,0.8,0.0,0.0
C. Wood Det,"PF,C",33,DET,2.2,4.4,.503,1.6,2.1,.754,1.0,0.3,6.3,0.6,2.5,3.1,0.3,0.3,0.4,0.6,0.0,0.0
J. Blossomgame Hou,SF,27,HOU,1.7,3.9,.443,0.4,0.5,.769,1.4,0.4,4.2,1.0,2.7,3.6,0.5,0.3,0.3,0.4,0.0,0.0
H. Ellenson Bkn,PF,13,BKN,1.5,3.5,.413,0.7,0.9,.750,1.5,0.6,4.2,0.2,2.3,2.5,0.6,0.2,0.1,0.3,0.0,0.0
J. Sampson Ind,"SG,SF",11,IND,1.7,3.7,.463,1.2,1.5,.812,1.0,0.3,4.9,0.4,1.9,2.3,0.3,0.3,0.2,0.3,0.0,0.0
H. Diallo OKC,SG,51,OKC,1.5,3.2,.455,0.7,1.2,.610,0.5,0.1,3.7,0.7,1.2,1.9,0.3,0.4,0.2,0.5,0.0,0.0
E. Moreland OKC,PF,5,OKC,0.6,1.4,.429,0.0,0.0,.000,0.2,0.2,1.4,0.8,3.2,4.0,0.8,0.2,0.2,1.0,0.0,0.0
Q. Pondexter SA,"SG,SF",53,SA,0.5,1.1,.500,0.6,0.8,.810,0.3,0.1,1.8,0.2,0.7,0.9,0.5,0.2,0.0,0.2,0.0,0.0
G. Yabusele Bos,"SF,PF",41,BOS,0.9,1.9,.455,0.4,0.5,.682,0.7,0.2,2.3,0.6,0.7,1.3,0.4,0.2,0.2,0.4,0.0,0.0
A. Poythress Atl,SF,21,ATL,1.9,3.9,.494,0.9,1.4,.621,1.1,0.4,5.1,1.4,2.2,3.6,0.8,0.2,0.5,0.6,0.0,0.0
S. Milton Phi,PG,58,PHI,1.9,4.7,.402,0.3,0.4,.727,2.4,0.8,4.8,0.5,1.4,1.9,1.0,0.4,0.4,0.3,0.0,0.0
C. Reynolds Mil,SF,19,MIL,1.7,4.1,.423,0.4,0.5,.889,2.7,1.1,5.0,0.2,1.4,1.6,0.7,0.3,0.1,0.3,0.0,0.0
M. Plumlee Mem,"PF,C",18,MEM,1.8,2.7,.667,0.9,1.7,.533,0.0,0.0,4.4,0.9,1.3,2.2,0.9,0.3,0.2,0.6,0.0,0.0
J. Williams LAL,PF,17,LAL,1.7,3.0,.569,0.8,1.3,.591,0.2,0.0,4.2,1.3,1.4,2.6,0.4,0.2,0.2,0.4,0.0,0.0
I. Hartenstein Hou,PF,28,HOU,0.7,1.5,.488,0.4,0.5,.786,0.2,0.1,1.9,0.8,0.9,1.7,0.5,0.2,0.4,0.5,0.0,0.0
J. Robinson LAC,SG,33,LAC,1.3,3.3,.400,0.2,0.3,.667,1.7,0.5,3.4,0.1,1.2,1.2,0.6,0.3,0.1,0.4,0.0,0.0
I. Briscoe Orl,PG,39,ORL,1.4,3.5,.399,0.4,0.7,.577,0.9,0.3,3.5,0.1,1.8,1.9,2.2,0.3,0.1,0.8,0.0,0.0
J. Washburn GS,SF,15,GS,0.9,2.3,.382,0.1,0.2,.667,1.1,0.3,2.2,0.4,1.5,1.9,0.7,0.6,0.1,0.3,0.0,0.0
J. Jenkins NY,"SG,SF",15,NY,1.2,2.8,.429,0.1,0.5,.143,1.5,0.6,3.1,0.1,0.8,0.9,0.6,0.0,0.1,0.3,0.0,0.0
J. Johnson Det,"SF,PF",55,DET,1.5,3.8,.409,0.3,0.4,.818,1.6,0.5,4.0,0.1,1.9,2.0,1.1,0.3,0.0,0.9,0.0,0.0
S. Mykhailiuk Det,SG,42,DET,1.1,3.3,.329,0.3,0.5,.600,2.1,0.7,3.2,0.2,0.6,0.9,0.9,0.3,0.0,0.5,0.0,0.0
J. Jones Was,SG,6,WAS,2.0,5.5,.364,0.2,0.3,.500,1.7,0.3,4.5,2.7,5.5,8.2,2.2,1.2,0.8,0.8,0.0,0.0
D. Burton OKC,SF,42,OKC,1.6,3.8,.428,0.4,0.5,.696,1.2,0.4,4.0,0.2,1.1,1.3,0.4,0.3,0.4,0.4,0.0,0.0
R. Spalding Hou,PF,14,HOU,1.8,3.4,.532,0.3,0.9,.333,0.2,0.0,3.9,1.1,2.4,3.4,0.4,0.6,0.6,0.6,0.0,0.0
G. Allen Mem,SG,64,MEM,2.8,6.9,.401,1.8,2.3,.780,3.9,1.3,8.7,0.1,0.8,0.9,1.0,0.2,0.2,1.3,0.0,0.0
